lp;income_range       ;counties;democrats;republicans;d_democrats           ;d_republicans         ;woe                    ;diff(d_democrats, d_republicans);contributor                               ;iv                                        ;
 0;<17000             ;     172;      125;         47;0.13312034078807241747;0.05005324813631522897;-0.97816613559224253695;         -0.08306709265175718850;0.0812534170140520957226488276926393650750;0.1933959146351770430929910024833970050507;
 1;from 17000 to 19999;     402;      207;        195;0.22044728434504792332;0.20766773162939297125;-0.05971923470162227152;         -0.01277955271565495207;0.0007631851080079523512945265158901260464;0.1933959146351770430929910024833970050507;
 2;from 20000 to 24999;     751;      299;        452;0.31842385516506922258;0.48136315228966986155; 0.41323860644154476054;          0.16293929712460063897;0.0673328080783347692861097754971396422438;0.1933959146351770430929910024833970050507;
 3;from 25000 to 29999;     383;      194;        189;0.20660276890308839191;0.20127795527156549521;-0.02611114400368575225;         -0.00532481363152289670;0.0001390369755254832388540409874385425750;0.1933959146351770430929910024833970050507;
 4;>= 30000           ;     170;      114;         56;0.12140575079872204473;0.05963791267305644302;-0.71084675765934622755;         -0.06176783812566560171;0.0439074674592567424940838317902893291105;0.1933959146351770430929910024833970050507;
